run_id,model,condition,images,threshold,auroc,delta_auroc,f1,delta_f1,false_positive_rate,delta_false_positive_rate,decisions_changed_from_clean
lbp_seed42,lbp_ocsvm,clean,117,0.1838646488750951,0.634430176565008,0.0,0.5581395348837209,0.0,0.14285714285714285,0.0,0
lbp_seed42,lbp_ocsvm,brightness_0.8,117,0.1838646488750951,0.6681380417335473,0.0337078651685393,0.6029411764705882,0.04480164158686728,0.21428571428571427,0.07142857142857142,11
lbp_seed42,lbp_ocsvm,brightness_1.2,117,0.1838646488750951,0.6593097913322632,0.024879614767255198,0.5942028985507246,0.03606336366700369,0.2857142857142857,0.14285714285714285,11
lbp_glcm_seed42,lbp_glcm_ocsvm,clean,117,0.16614510826979537,0.5353130016051364,0.0,0.5179856115107914,0.0,0.5,0.0,0
lbp_glcm_seed42,lbp_glcm_ocsvm,brightness_0.8,117,0.16614510826979537,0.550561797752809,0.015248796147672605,0.8640776699029126,0.3460920583921212,1.0,0.5,67
lbp_glcm_seed42,lbp_glcm_ocsvm,brightness_1.2,117,0.16614510826979537,0.398876404494382,-0.1364365971107544,0.8472906403940886,0.32930502888329727,1.0,0.5,64
patchcore_seed42,patchcore,clean,117,30.58691692352295,0.9859550561797752,0.0,0.9560439560439561,0.0,0.21428571428571427,0.0,0
patchcore_seed42,patchcore,brightness_0.8,117,30.58691692352295,0.985553772070626,-0.00040128410914919144,0.9560439560439561,0.0,0.21428571428571427,0.0,2
patchcore_seed42,patchcore,brightness_1.2,117,30.58691692352295,0.9863563402889245,0.00040128410914930246,0.9565217391304348,0.0004777830864787225,0.25,0.035714285714285726,2
